x (apx), y , %Error
0, 0, nan%
0.41421, 1, 0.002432558364%
0.732047, 2, 0.001801768329%
0.999999, 3, 0.0004000003%
1.23607, 4, 0.000731746584%
1.44949, 5, 8.693402503e-005%
1.64575, 6, 0.0004215403312%
1.82843, 7, 0.0008895555203%
2, 8, 0%
