x (apx), y , %Error
0, 0, nan%
0.414232, 1, 0.0125895%
0.731834, 2, 0.102618%
0.999778, 3, 0.0888148%
1.23611, 4, 0.0152035%
1.44947, 5, 0.00667272%
1.64577, 6, 0.00600891%
1.82846, 7, 0.0101709%
2.00002, 8, 0.00599996%
